<?xml version="1.0" encoding="utf-8"?>
<modification>
	<name>oc-mod.ru | Всплывающая корзина</name>
	<code>ocmodpcart</code>
	<version>1</version>
	<author>oc-mod.ru</author>
	<link>http://oc-mod.ru</link>
	<file path="catalog/view/theme/*/template/common/footer.tpl">
		<operation>
			<search><![CDATA[</body></html>]]></search>
			<add position="before"><![CDATA[
				<!-- ocmodpcart start //-->
				<?php if ($ocmodpcart) { ?>
				<link href="catalog/view/javascript/ocmod/magnific-popup.css" rel="stylesheet" media="screen"/>
				<link href="catalog/view/theme/default/stylesheet/ocmodpcart.css" rel="stylesheet" media="screen"/>
				<script src="catalog/view/javascript/ocmod/jquery.magnific-popup.min.js" type="text/javascript"></script>
				<script type="text/javascript"><!--
				$(function() {
					$.each($("[onclick^='cart.add']"), function() {
						var product_id = $(this).attr('onclick').match(/[0-9]+/);
						$(this).attr('onclick', 'get_ocmodpcart(\'' + $(this).attr('onclick').match(/[0-9]+/) + '\',\'' + 'catalog' + '\');');
					});
					var main_product_id = $('input[name=\'product_id\']').val();
					$('#button-cart').unbind('click').attr('onclick', 'get_ocmodpcart(\'' + main_product_id + '\',\'' + 'product' + '\');');
					$('#cart > button').removeAttr('data-toggle').attr('onclick', 'get_ocmodpcart(false,\'' + 'show_cart' + '\');');
				});
				function get_ocmodpcart(product_id, action, quantity) {
					quantity = typeof(quantity) != 'undefined' ? quantity : 1;
					if (action == "catalog") {
						$.ajax({
							url: 'index.php?route=checkout/cart/add',
							type: 'post',
							data: 'product_id=' + product_id + '&quantity=' + quantity,
							dataType: 'json',
							success: function(json) {
								$('.alert, .text-danger').remove();
								if (json['redirect']) {
									location = json['redirect'];
								}
								if (json['success']) {
									$.magnificPopup.open({
									removalDelay: 300,
									callbacks: {
										beforeOpen: function() {
										   this.st.mainClass = 'mfp-zoom-in';
										}
									},
									tLoading: '',
									items: {
										src: 'index.php?route=module/ocmodpcart',
										type: 'ajax'
									}
									});
									$('#cart-total').html(json['total']);
									$('#cart-total-popup').html(json['total']);
									$('#cart > ul').load('index.php?route=common/cart/info ul li');
								}
							}
						});
					}
					if (action == "product") {
						$.ajax({
							url: 'index.php?route=checkout/cart/add',
							type: 'post',
							data: $('#product input[type=\'text\'], #product input[type=\'hidden\'], #product input[type=\'radio\']:checked, #product input[type=\'checkbox\']:checked, #product select, #product textarea'),
							dataType: 'json',
							success: function(json) {
							$('.alert, .text-danger').remove();
							$('.form-group').removeClass('has-error');
							$('.success, .warning, .attention, information, .error').remove();							
								if (json['error']) {
									if (json['error']['option']) {
										for (i in json['error']['option']) {
											$('#input-option' + i).before('<span class="error bg-danger">' + json['error']['option'][i] + '</span>');
										}
									}
								}
								if (json['success']) {
									$.magnificPopup.open({
										removalDelay: 300,
										callbacks: {
											beforeOpen: function() {
											   this.st.mainClass = 'mfp-zoom-in';
											}
										},
										tLoading: '',
										items: {
											src: 'index.php?route=module/ocmodpcart',
											type: 'ajax'
										}
									});
									$('#cart-total').html(json['total']);
									$('#cart-total-popup').html(json['total']);
									$('#cart > ul').load('index.php?route=common/cart/info ul li');
								}
							}
						});
					}
					if (action == "show_cart") {
						$.magnificPopup.open({
							removalDelay: 300,
							callbacks: {
								beforeOpen: function() {
								   this.st.mainClass = 'mfp-zoom-in';
								}
							},
							tLoading: '',
							items: {
								src: 'index.php?route=module/ocmodpcart',
								type: 'ajax'
							}
						});
					}
				}
				//--></script>
				<?php } ?>
				<!-- ocmodpcart stop //-->
			]]></add>
		</operation>
	</file>
	<file path="catalog/controller/common/footer.php">
		<operation>
			<search><![CDATA[$data['scripts']]]></search>
			<add position="before"><![CDATA[
				// ocmodpcart start
				$data['ocmodpcart'] = $this->config->get('pcart_pcart');
				// ocmodpcart stop
			]]></add>
		</operation>
	</file>

</modification>