<?xml version="1.0" encoding="UTF-8"?>
<modification>
    <name>model decorator (simple)</name>
    <code>model decorator (simple)</code>
    <version>1.0.0</version>
    <author>deeman</author>
    <link>http://simpleopencart.com</link>
    <file path="system/engine/model_decorator.php">
        <operation>
            <search><![CDATA[
            class ModelDecorator {
            ]]></search>
            <add position="after"><![CDATA[
            public function isExistForSimple($method) {
                if (method_exists($this->object, $method) || property_exists($this->object, $method)) {
                  return true;
                }

                return false;
            }
            ]]>
            </add>
        </operation>
    </file>
</modification>
