<?xml version="1.0" encoding="UTF-8"?>
<modification>
    <name>Password in email</name>
    <code>password in email</code>
    <version>1.0.0</version>
    <author>deeman</author>
    <link>http://simpleopencart.com</link>
    <file path="catalog/model/account/customer.php">
        <operation>
            <search><![CDATA[
            $message .= $this->url->link('account/login', '', true) . "\n\n";
            ]]></search>
            <add position="after"><![CDATA[
            $message .= $this->language->get('text_password') . ' ' . $data['password'] . "\n\n";
            ]]>
            </add>
        </operation>
    </file>
    <file path="catalog/language/ru-ru/mail/customer.php" error="skip">
        <operation>
            <search><![CDATA[
            <?php
            ]]></search>
            <add position="after"><![CDATA[
            $_['text_password']   = 'Ваш пароль:';
            ]]>
            </add>
        </operation>
    </file>
    <file path="catalog/language/en-gb/mail/customer.php" error="skip">
        <operation>
            <search><![CDATA[
            <?php
            ]]></search>
            <add position="after"><![CDATA[
            $_['text_password']   = 'Your password:';
            ]]>
            </add>
        </operation>
    </file>
</modification>
