<?xml version="1.0" encoding="UTF-8"?>
<modification>
    <name>Opencart News 2.3.x</name>
    <code>opencart_news</code>
    <version>1.0.0</version>
    <author>alexwaha</author>
    <link>https://oc-help.com</link>
  <file path="admin/controller/common/column_left.php">
    <operation>
      <search><![CDATA[if ($this->user->hasPermission('access', 'catalog/information')) {]]></search>
      <add position="before"><![CDATA[
			if ($this->user->hasPermission('access', 'catalog/news')) {		
				$catalog[] = array(
					'name'	   => $this->language->get('text_news'),
					'href'     => $this->url->link('catalog/news', 'token=' . $this->session->data['token'], true),
					'children' => array()		
				);					
			}
      	]]></add>
    </operation>
  </file>
  <file path="admin/language/ru-ru/common/column_left.php">
    <operation>
      <search><![CDATA[$_['text_manufacturer']]]></search>
      <add position="before"><![CDATA[$_['text_news'] = 'Новости';]]></add>
    </operation>
  </file>
  <file path="admin/language/en-gb/common/column_left.php">
    <operation>
      <search><![CDATA[$_['text_manufacturer']]]></search>
      <add position="before"><![CDATA[$_['text_news'] = 'News';]]></add>
    </operation>
  </file>
</modification>