<?xml version="1.0" encoding="UTF-8"?>
<modification>
	<name>Quick Login / Sign up</name>
	<version>2x</version>
	<code>Quick Login / Sign up</code>
	<author>Webmedialdh</author>
	<!--CATALOG STARTS-->
	<file path="catalog/view/theme/*/template/common/header.tpl">
		<operation>
			<search><![CDATA[<?php echo $telephone; ?></span></li>]]></search>
			<add position="after"><![CDATA[
		<?php if ($logged) { ?>
			]]></add>
		</operation>
		<operation>
			<search><![CDATA[<li><a href="<?php echo $wishlist; ?>"]]></search>
			<add position="before"><![CDATA[<?php }else { ?>
		<li class="quick-login"><a class="quick_signup"><i class="fa fa-user"></i> <span class="hidden-xs hidden-sm hidden-md"><?php echo $signin_or_register ?></span></a></li>
		<?php } ?>
		]]></add>
		</operation>
		<operation>
			<search><![CDATA[</header>]]></search>
			<add position="after"><![CDATA[
<?php echo $quicksignup; ?>]]></add>
		</operation>
	</file>
	<file path="catalog/controller/common/header.php">
		<operation>
			<search><![CDATA[if (file_exists(DIR_TEMPLATE . $this->config->get('config_template') . '/template/common/header.tpl')) {]]></search>
			<add position="before"><![CDATA[
		//XML
		$data['quicksignup'] = $this->load->controller('common/quicksignup');
		$data['signin_or_register'] = $this->language->get('signin_or_register');
		
		]]></add>
		</operation>
	</file>
	<file path="catalog/language/*/common/header.php">
		<operation>
			<search><![CDATA[// Text]]></search>
			<add position="before"><![CDATA[//XML
$_['signin_or_register']           = 'Sign In\Register';
]]>			</add>
		</operation>
	</file>
	<!--CATALOG ENDS-->
</modification>